scenario,profile,reduced_motion,seconds,metric,samples,mean_ms,p50_ms,p95_ms,p99_ms,max_ms
theme_redraw_normal,debug,false,5.757,draw,10,62.9096,56.7214,84.2793,84.2793,84.2793
theme_redraw_normal,debug,false,5.757,dirty_to_present,0,0.0000,0.0000,0.0000,0.0000,0.0000
theme_redraw_normal,debug,false,5.757,animation_interval,0,0.0000,0.0000,0.0000,0.0000,0.0000
theme_redraw_normal,debug,false,5.757,input_to_frame,0,0.0000,0.0000,0.0000,0.0000,0.0000
theme_redraw_reduced,debug,true,5.284,draw,10,64.8151,59.8016,79.4296,79.4296,79.4296
theme_redraw_reduced,debug,true,5.284,dirty_to_present,0,0.0000,0.0000,0.0000,0.0000,0.0000
theme_redraw_reduced,debug,true,5.284,animation_interval,0,0.0000,0.0000,0.0000,0.0000,0.0000
theme_redraw_reduced,debug,true,5.284,input_to_frame,0,0.0000,0.0000,0.0000,0.0000,0.0000
theme_redraw_reduced,release,true,4.714,draw,10,14.4062,14.7210,18.6941,18.6941,18.6941
theme_redraw_reduced,release,true,4.714,dirty_to_present,0,0.0000,0.0000,0.0000,0.0000,0.0000
theme_redraw_reduced,release,true,4.714,animation_interval,0,0.0000,0.0000,0.0000,0.0000,0.0000
theme_redraw_reduced,release,true,4.714,input_to_frame,0,0.0000,0.0000,0.0000,0.0000,0.0000
theme_redraw_normal,release,false,4.692,draw,10,13.6557,14.4097,16.9083,16.9083,16.9083
theme_redraw_normal,release,false,4.692,dirty_to_present,0,0.0000,0.0000,0.0000,0.0000,0.0000
theme_redraw_normal,release,false,4.692,animation_interval,0,0.0000,0.0000,0.0000,0.0000,0.0000
theme_redraw_normal,release,false,4.692,input_to_frame,0,0.0000,0.0000,0.0000,0.0000,0.0000
scroll_six_gestures,release,false,4.025,draw,484,4.0536,4.0346,4.4687,4.6694,4.8292
scroll_six_gestures,release,false,4.025,dirty_to_present,483,4.2060,4.1513,4.6490,5.4845,8.4378
scroll_six_gestures,release,false,4.025,animation_interval,483,8.3333,8.2903,9.1095,11.7719,14.5080
scroll_six_gestures,release,false,4.025,input_to_frame,8,6.6365,5.7713,8.9211,8.9211,8.9211
idle_normal,release,false,13.416,draw,1610,4.1622,4.1206,4.5466,4.6653,4.8005
idle_normal,release,false,13.416,dirty_to_present,1610,4.4896,4.4974,5.4518,5.6934,6.6109
idle_normal,release,false,13.416,animation_interval,1610,8.3332,8.3272,8.9784,9.4863,14.6145
idle_normal,release,false,13.416,input_to_frame,0,0.0000,0.0000,0.0000,0.0000,0.0000
idle_reduced,release,true,11.734,draw,0,0.0000,0.0000,0.0000,0.0000,0.0000
idle_reduced,release,true,11.734,dirty_to_present,0,0.0000,0.0000,0.0000,0.0000,0.0000
idle_reduced,release,true,11.734,animation_interval,0,0.0000,0.0000,0.0000,0.0000,0.0000
idle_reduced,release,true,11.734,input_to_frame,0,0.0000,0.0000,0.0000,0.0000,0.0000
scroll_six_gestures,debug,false,3.533,draw,1,55.7220,55.7384,55.7384,55.7384,55.7384
scroll_six_gestures,debug,false,3.533,dirty_to_present,0,0.0000,0.0000,0.0000,0.0000,0.0000
scroll_six_gestures,debug,false,3.533,animation_interval,0,0.0000,0.0000,0.0000,0.0000,0.0000
scroll_six_gestures,debug,false,3.533,input_to_frame,0,0.0000,0.0000,0.0000,0.0000,0.0000
